{
    "appKeys": {
        "KEY_CONDITIONS": 1,
        "KEY_LOCATION": 2,
        "KEY_REQUEST_ID": 0,
        "KEY_STREET": 5,
        "KEY_TEMPERATURE": 3,
        "KEY_VIBRATE": 4
    },
    "capabilities": [
        "location"
    ],
    "companyName": "FredericALTorres",
    "longName": "FredTime",
    "projectType": "native",
    "resources": {
        "media": []
    },
    "shortName": "FredTime",
    "uuid": "54d1382c-33cc-49fe-ab8b-f19c8b344936",
    "versionCode": 1,
    "versionLabel": "1.0",
    "watchapp": {
        "watchface": true
    }
}
